home,away,team,matchweek,ball_possession,total_shots,shots_on_target,shots_off_target,blocked_shots,corner_kicks,fouls,yellow_cards,free_kicks,throw-ins,goal_kicks,big_chances,hit_woodwork,counter_attacks,counter_attack_shots,shots_inside_box,shots_outside_box,goalkeeper_saves,passes,passes_completed,passes_accuracy,long_balls,long_balls_completed,long_balls_accuracy,crosses,crosses_completed,crosses_accuracy,dribbles,dribbles_completed,dribbles_accuracy,possession_lost,duels_won,aerials_won,tackles,interceptions,clearances,offsides,big_chances_missed,counter_attack_goals,red_cards
aucas,orense,aucas,1,52,10,3,6,1,5,11,2,12,17,6,1,1,1,1,6,4,3,375,311,0.8293,43,74,0.5811,5,22,0.2273,2,11,0.1818,119,31,6,11,7,14,0,0,0,0
aucas,orense,orense,1,48,13,3,5,5,7,12,2,10,19,11,0,0,0,0,4,9,1,355,273,0.769,28,55,0.5091,4,15,0.2667,10,16,0.625,123,47,8,19,1,26,0,0,0,0
barcelona,imbabura,barcelona,1,58,20,7,7,6,8,20,0,12,20,3,4,0,0,0,11,9,5,372,309,0.8306,30,48,0.625,6,23,0.2609,5,19,0.2632,119,45,10,18,10,9,3,3,0,0
barcelona,imbabura,imbabura,1,42,12,5,1,6,4,12,3,20,19,11,0,0,0,0,3,9,5,277,204,0.7365,13,33,0.3939,3,9,0.3333,14,27,0.5185,118,62,9,19,4,17,1,0,0,0
catolica,nacional,catolica,1,75,18,7,6,5,6,16,3,6,19,7,4,0,2,1,14,4,1,646,584,0.904,55,73,0.7534,3,16,0.1875,13,22,0.5909,104,44,10,15,2,15,1,1,1,0
catolica,nacional,nacional,1,25,9,1,7,1,5,7,1,15,15,10,0,0,0,0,1,8,4,205,129,0.6293,21,56,0.375,2,12,0.1667,2,14,0.1429,111,42,10,15,6,19,1,0,0,0
cuenca,emelec,cuenca,1,54,11,1,8,2,5,10,1,5,19,8,0,0,0,0,5,6,1,339,257,0.7581,31,67,0.4627,4,17,0.2353,7,14,0.5,125,28,7,9,4,12,0,0,0,1
cuenca,emelec,emelec,1,46,9,3,5,1,2,5,2,9,27,7,0,0,1,1,6,3,0,293,207,0.7065,20,61,0.3279,3,13,0.2308,2,6,0.3333,128,31,6,14,6,18,1,0,0,1
delfin,independiente,delfin,1,38,5,2,2,1,4,10,3,14,17,7,1,0,0,0,3,2,2,220,116,0.5273,22,78,0.2821,1,17,0.0588,5,8,0.625,161,49,18,12,6,14,3,1,0,0
delfin,independiente,independiente,1,62,8,3,2,3,2,15,4,10,19,7,1,0,0,0,3,5,2,380,281,0.7395,40,85,0.4706,4,11,0.3636,5,12,0.4167,151,52,23,14,5,32,4,0,0,0
liga,macara,liga,1,61,17,4,8,5,2,16,2,10,16,13,4,1,2,2,7,10,6,492,410,0.8333,26,60,0.4333,5,13,0.3846,5,10,0.5,114,50,17,18,11,16,1,3,0,0
liga,macara,macara,1,39,18,7,6,5,4,11,2,16,16,12,3,0,0,0,7,11,2,312,243,0.7788,38,64,0.5938,2,15,0.1333,4,16,0.25,122,41,12,9,13,13,0,2,0,0
mushuc-runa,libertad,mushuc-runa,1,61,24,11,10,3,6,13,6,17,24,9,2,1,0,0,13,11,3,369,300,0.813,42,69,0.6087,9,42,0.2143,3,8,0.375,134,46,9,17,1,11,0,2,0,0
mushuc-runa,libertad,libertad,1,39,10,4,4,2,2,18,4,12,12,14,2,0,0,0,7,3,9,251,187,0.745,21,58,0.3621,2,8,0.25,2,14,0.1429,100,45,16,15,6,44,0,1,0,1
tecnico,cumbaya,tecnico,1,54,20,9,8,3,5,18,1,15,17,8,1,1,1,1,12,8,4,370,300,0.8108,50,80,0.625,10,23,0.4348,6,9,0.6667,108,46,13,12,10,12,2,1,0,0
tecnico,cumbaya,cumbaya,1,46,10,4,5,1,4,15,4,18,15,8,0,0,2,2,6,4,7,324,241,0.7438,30,67,0.4478,1,7,0.1429,7,11,0.6364,116,46,9,12,3,12,0,0,0,1
aucas,tecnico,aucas,2,67,16,6,7,3,6,14,3,13,20,10,3,2,1,1,11,5,1,467,400,0.8565,30,49,0.6122,5,22,0.2273,1,9,0.1111,108,32,10,8,5,7,0,2,1,0
aucas,tecnico,tecnico,2,33,8,2,5,1,2,14,4,13,15,9,0,0,0,0,4,4,3,234,167,0.7137,22,56,0.3929,3,7,0.4286,8,11,0.7273,93,38,7,10,3,26,0,0,0,0
cumbaya,liga,cumbaya,2,40,14,3,9,2,2,11,4,12,10,3,1,0,0,0,6,8,3,358,304,0.8492,17,40,0.425,7,13,0.5385,6,10,0.6,90,31,5,7,3,17,2,0,0,0
cumbaya,liga,liga,2,60,12,6,4,2,4,14,3,11,13,10,6,1,0,0,9,3,2,537,484,0.9013,40,62,0.6452,8,21,0.381,3,6,0.5,94,31,6,11,7,10,5,3,0,0
emelec,mushuc-runa,emelec,2,64,14,6,3,5,7,13,5,12,18,5,1,0,0,0,11,3,1,479,396,0.8267,37,50,0.74,11,27,0.4074,13,19,0.6842,138,54,17,12,3,17,3,1,0,0
emelec,mushuc-runa,mushuc-runa,2,36,10,1,6,3,5,12,1,12,18,7,0,0,0,0,4,6,6,269,186,0.6914,27,61,0.4426,3,12,0.25,8,13,0.6154,128,46,13,13,7,31,0,0,0,0
imbabura,delfin,imbabura,2,67,24,8,12,4,4,8,3,14,15,9,2,2,0,0,9,15,5,440,381,0.8659,27,48,0.5625,3,9,0.3333,10,20,0.5,94,53,10,19,1,17,1,0,0,0
imbabura,delfin,delfin,2,33,14,5,7,2,7,14,6,6,13,10,0,1,1,1,9,5,5,207,158,0.7633,13,39,0.3333,6,22,0.2727,1,16,0.0625,96,30,9,14,5,12,0,0,0,0
independiente,barcelona,independiente,2,43,13,3,9,1,4,19,6,11,10,10,3,0,3,2,8,5,6,227,164,0.7225,25,48,0.5208,6,14,0.4286,3,4,0.75,92,40,18,8,7,30,0,2,1,0
independiente,barcelona,barcelona,2,57,12,7,3,2,11,11,3,18,10,12,3,0,0,0,9,3,0,289,217,0.7509,26,56,0.4643,7,23,0.3043,2,5,0.4,120,39,13,6,6,8,4,2,0,1
libertad,catolica,libertad,2,40,8,2,4,2,3,14,3,16,20,7,2,0,0,0,4,4,5,307,234,0.7622,13,40,0.325,4,22,0.1818,2,5,0.4,117,47,11,18,8,15,2,2,0,0
libertad,catolica,catolica,2,60,17,7,4,6,11,16,4,13,19,6,0,0,0,0,10,7,2,476,404,0.8487,33,61,0.541,10,21,0.4762,7,16,0.4375,115,43,14,9,4,18,1,0,0,0
macara,nacional,macara,2,68,24,8,9,7,11,15,2,18,21,3,1,2,2,2,15,9,3,331,249,0.7523,43,78,0.5513,10,32,0.3125,4,13,0.3077,145,52,16,14,4,23,3,0,0,0
macara,nacional,nacional,2,32,12,3,6,3,8,19,6,14,18,12,0,0,0,0,4,8,7,161,76,0.472,14,64,0.2188,3,14,0.2143,3,13,0.2308,129,43,13,13,7,40,0,0,0,1
orense,cuenca,orense,2,56,12,3,6,3,4,17,1,20,19,2,1,0,0,0,9,3,4,380,307,0.8079,31,54,0.5741,8,21,0.381,3,5,0.6,116,47,20,4,6,15,2,0,0,0
orense,cuenca,cuenca,2,44,10,5,4,1,7,22,3,15,12,11,1,0,0,0,8,2,2,300,223,0.7433,22,61,0.3607,5,15,0.3333,3,5,0.6,113,44,19,7,3,19,4,0,0,0
barcelona,orense,barcelona,3,42,8,1,4,3,6,11,1,13,18,13,2,1,0,0,4,4,2,260,190,0.7308,27,60,0.45,2,22,0.0909,4,9,0.4444,124,51,14,20,5,13,3,2,0,2
barcelona,orense,orense,3,58,11,2,9,0,3,14,3,11,22,8,0,0,0,0,8,3,1,369,301,0.8157,34,63,0.5397,4,18,0.2222,3,11,0.2727,120,43,12,17,5,16,0,0,0,0
catolica,cuenca,catolica,3,61,26,10,10,6,7,18,4,7,19,1,4,0,0,0,15,11,2,456,403,0.8838,22,36,0.6111,13,31,0.4194,4,9,0.4444,97,23,7,5,2,8,1,4,0,0
catolica,cuenca,cuenca,3,39,6,5,0,1,1,8,2,18,13,16,2,0,0,0,6,0,7,305,235,0.7705,31,70,0.4429,3,6,0.5,3,4,0.75,93,40,6,13,3,23,3,0,0,0
delfin,tecnico,delfin,3,43,12,5,5,2,3,17,4,15,10,6,2,0,1,1,6,6,2,242,172,0.7107,24,47,0.5106,3,8,0.375,5,12,0.4167,100,39,12,7,6,18,3,1,0,0
delfin,tecnico,tecnico,3,57,6,2,4,0,5,16,6,16,11,7,0,0,0,0,2,4,3,322,229,0.7112,26,64,0.4062,3,11,0.2727,7,7,1.0,115,48,13,12,4,8,0,0,0,2
independiente,cumbaya,independiente,3,60,21,6,9,6,9,10,0,11,17,3,2,0,0,0,16,5,0,476,392,0.8235,50,79,0.6329,10,20,0.5,10,15,0.6667,120,56,14,21,5,7,1,0,0,0
independiente,cumbaya,cumbaya,3,40,2,0,1,1,1,12,2,10,27,12,0,0,0,0,0,2,3,311,241,0.7749,17,47,0.3617,3,11,0.2727,5,13,0.3846,121,29,3,11,6,12,3,0,0,0
liga,aucas,liga,3,57,16,5,9,2,8,13,3,7,26,6,2,1,0,0,8,8,2,340,271,0.7971,26,52,0.5,6,24,0.25,1,3,0.3333,118,23,5,10,4,12,0,1,0,0
liga,aucas,aucas,3,43,11,4,4,3,6,8,5,13,11,13,3,1,1,1,7,4,5,259,197,0.7606,25,42,0.5952,5,14,0.3571,5,11,0.4545,104,41,10,13,2,40,4,2,0,0
macara,libertad,macara,3,47,16,5,7,4,1,16,3,10,18,4,1,0,4,3,7,9,2,274,212,0.7737,34,67,0.5075,3,10,0.3,10,21,0.4762,101,52,17,15,8,14,2,1,1,0
macara,libertad,libertad,3,53,7,2,4,1,2,11,3,14,22,10,0,1,0,0,3,4,2,309,241,0.7799,21,42,0.5,1,13,0.0769,11,20,0.55,114,48,10,13,4,14,1,0,0,0
mushuc-runa,imbabura,mushuc-runa,3,36,13,5,6,2,3,12,2,9,19,9,2,0,1,1,8,5,3,302,239,0.7914,28,64,0.4375,2,10,0.2,4,10,0.4,105,39,5,21,6,16,1,0,0,0
mushuc-runa,imbabura,imbabura,3,64,14,3,9,2,6,11,2,12,12,10,2,1,0,0,4,10,2,533,477,0.8949,27,40,0.675,4,17,0.2353,7,19,0.3684,102,43,9,15,8,14,3,2,0,0
nacional,emelec,nacional,3,43,20,6,10,4,6,15,2,10,23,12,0,0,0,0,6,14,1,245,152,0.6204,21,66,0.3182,3,23,0.1304,7,10,0.7,141,48,20,11,6,7,2,0,0,0
nacional,emelec,emelec,3,57,7,2,3,2,2,10,5,15,16,11,3,0,1,1,4,3,6,353,243,0.6884,39,83,0.4699,3,10,0.3,6,10,0.6,144,59,32,6,4,35,1,2,0,0
aucas,nacional,aucas,4,55,19,7,9,3,5,8,3,19,29,11,3,0,1,1,12,7,4,286,196,0.6853,31,71,0.4366,9,17,0.5294,11,20,0.55,147,75,28,17,2,21,3,1,0,0
aucas,nacional,nacional,4,45,18,8,8,2,4,19,7,8,11,12,2,1,2,2,10,8,4,231,138,0.5974,27,75,0.36,3,18,0.1667,5,10,0.5,144,54,25,16,4,22,0,0,0,1
cuenca,macara,cuenca,4,53,8,3,4,1,1,16,4,15,13,12,1,0,0,0,4,4,5,302,227,0.7517,23,58,0.3966,3,12,0.25,6,12,0.5,109,46,17,8,6,17,1,0,0,0
cuenca,macara,macara,4,47,18,6,6,6,4,16,2,16,18,9,1,0,0,0,5,13,2,257,183,0.7121,33,63,0.5238,2,17,0.1176,7,12,0.5833,117,46,14,9,2,8,1,1,0,0
cumbaya,mushuc-runa,cumbaya,4,51,12,5,5,2,4,14,2,13,16,17,3,0,0,0,7,5,2,384,300,0.7812,19,54,0.3519,6,9,0.6667,5,11,0.4545,113,37,5,14,11,27,2,1,0,0
cumbaya,mushuc-runa,mushuc-runa,4,49,19,3,13,3,5,15,1,13,23,6,2,0,1,1,12,7,3,358,281,0.7849,39,62,0.629,2,22,0.0909,8,19,0.4211,127,42,12,9,13,3,1,2,0,0
emelec,delfin,emelec,4,60,18,5,6,7,5,16,2,17,12,11,3,1,1,1,15,3,3,449,376,0.8374,13,38,0.3421,8,16,0.5,4,13,0.3077,114,45,13,11,9,17,0,1,0,0
emelec,delfin,delfin,4,40,14,3,3,8,7,18,4,14,21,4,0,0,0,0,2,12,2,302,220,0.7285,14,35,0.4,1,13,0.0769,11,18,0.6111,128,46,7,14,11,13,0,0,0,0
orense,imbabura,orense,4,59,13,6,3,4,5,18,1,12,20,3,4,0,0,0,9,4,4,376,274,0.7287,27,71,0.3803,9,25,0.36,5,9,0.5556,144,51,20,14,8,9,0,3,0,0
orense,imbabura,imbabura,4,41,11,6,5,0,3,13,4,18,10,12,2,1,0,0,6,5,5,266,175,0.6579,17,56,0.3036,2,9,0.2222,2,8,0.25,132,51,18,13,2,23,2,0,0,0
tecnico,independiente,tecnico,4,26,10,3,4,3,7,13,3,15,15,3,0,0,1,1,7,3,4,182,117,0.6429,16,51,0.3137,2,13,0.1538,7,18,0.3889,104,41,11,8,4,37,1,0,0,0
tecnico,independiente,independiente,4,74,13,5,3,5,9,16,3,12,19,5,1,0,0,0,8,5,2,525,456,0.8686,42,68,0.6176,7,29,0.2414,5,9,0.5556,115,42,14,11,5,9,3,0,0,0
delfin,libertad,delfin,5,61,21,6,10,5,8,12,2,14,18,4,4,1,2,2,15,6,3,402,310,0.7711,36,63,0.5714,7,25,0.28,3,16,0.1875,142,57,20,20,7,5,2,3,0,0
delfin,libertad,libertad,5,39,7,4,2,1,2,17,7,11,14,13,2,0,1,1,5,2,5,276,193,0.6993,32,72,0.4444,1,5,0.2,4,12,0.3333,132,50,19,16,7,29,0,1,0,0
imbabura,cumbaya,imbabura,5,30,10,6,3,1,1,12,0,14,17,11,0,0,0,0,3,7,1,229,159,0.6943,19,59,0.322,2,4,0.5,6,20,0.3,107,38,9,9,8,30,0,0,0,1
imbabura,cumbaya,cumbaya,5,70,17,1,8,8,3,17,3,10,17,5,0,0,0,0,4,13,6,533,462,0.8668,33,49,0.6735,1,17,0.0588,6,13,0.4615,115,46,8,22,3,6,0,0,0,0
independiente,aucas,independiente,5,63,21,6,10,5,6,13,3,14,22,6,6,1,0,0,16,5,4,416,348,0.8365,32,56,0.5714,10,27,0.3704,9,13,0.6923,107,48,10,15,8,17,1,5,0,0
independiente,aucas,aucas,5,37,8,5,3,0,2,14,2,13,20,14,1,0,0,0,5,3,5,240,184,0.7667,19,42,0.4524,4,19,0.2105,4,15,0.2667,105,32,9,6,6,23,1,0,0,0
nacional,cuenca,nacional,5,57,15,4,9,2,7,11,5,17,16,5,3,0,0,0,10,5,2,340,265,0.7794,32,68,0.4706,7,32,0.2188,2,10,0.2,134,55,22,14,4,22,2,1,0,0
nacional,cuenca,cuenca,5,43,8,3,4,1,1,17,5,11,24,12,2,0,0,0,7,1,2,264,165,0.625,33,84,0.3929,4,16,0.25,3,7,0.4286,147,45,18,13,3,28,1,1,0,1
orense,emelec,orense,5,55,19,4,11,4,5,15,4,14,23,2,1,1,0,0,11,8,4,399,318,0.797,20,42,0.4762,10,30,0.3333,3,9,0.3333,127,45,19,9,2,24,0,0,0,0
orense,emelec,emelec,5,45,14,5,2,7,6,15,5,14,17,11,2,1,0,0,7,7,3,342,251,0.7339,24,64,0.375,0,8,0.0,5,5,1.0,127,40,13,8,4,24,0,1,0,0
tecnico,macara,tecnico,5,48,10,3,6,1,5,13,3,11,20,15,1,0,0,0,3,7,4,233,159,0.6824,25,55,0.4545,0,19,0.0,7,17,0.4118,134,56,19,19,4,12,1,0,0,0
tecnico,macara,macara,5,52,18,5,11,2,7,12,5,12,19,12,3,1,0,0,9,9,2,258,180,0.6977,17,54,0.3148,7,15,0.4667,10,19,0.5263,127,56,14,20,1,13,2,2,0,0
catolica,orense,catolica,6,55,20,11,5,4,3,9,2,10,9,8,4,0,3,3,13,7,1,400,340,0.85,28,45,0.6222,4,10,0.4,4,7,0.5714,93,23,3,6,2,11,4,1,0,0
catolica,orense,orense,6,45,11,2,5,4,3,10,1,8,13,4,1,0,0,0,3,8,6,316,257,0.8133,16,38,0.4211,3,11,0.2727,3,5,0.6,92,19,3,5,2,6,0,0,0,1
cuenca,delfin,cuenca,6,68,19,4,9,6,7,11,0,16,24,14,1,0,1,1,11,8,3,446,359,0.8049,31,64,0.4844,12,33,0.3636,6,11,0.5455,137,50,15,13,7,10,1,1,0,1
cuenca,delfin,delfin,6,32,14,3,9,2,1,16,4,10,22,13,0,0,0,0,5,9,4,219,128,0.5845,21,65,0.3231,2,8,0.25,7,12,0.5833,125,46,12,17,3,30,0,0,0,1
cumbaya,nacional,cumbaya,6,51,11,1,8,2,5,9,4,18,16,17,1,0,1,1,3,8,4,274,171,0.6241,36,94,0.383,2,12,0.1667,4,8,0.5,140,52,18,12,2,26,5,0,0,0
cumbaya,nacional,nacional,6,49,18,4,12,2,10,19,3,9,25,10,1,0,0,0,11,7,0,242,161,0.6653,34,72,0.4722,5,30,0.1667,5,14,0.3571,142,46,24,8,5,15,1,1,0,0
emelec,independiente,emelec,6,38,9,2,6,1,1,15,3,14,11,12,1,0,0,0,2,7,4,322,246,0.764,25,53,0.4717,5,13,0.3846,6,10,0.6,111,41,13,9,8,11,2,1,0,0
emelec,independiente,independiente,6,62,16,4,9,3,2,15,2,13,11,7,0,0,3,3,6,10,2,540,473,0.8759,39,62,0.629,2,10,0.2,14,19,0.7368,107,48,11,10,8,10,4,0,0,0
libertad,tecnico,libertad,6,50,13,4,4,5,4,11,2,15,22,9,1,0,0,0,6,7,2,354,260,0.7345,26,67,0.3881,6,20,0.3,10,26,0.3846,152,62,17,20,8,22,3,0,0,1
libertad,tecnico,tecnico,6,50,8,2,5,1,1,15,0,11,21,10,1,1,0,0,2,6,3,357,262,0.7339,18,57,0.3158,3,14,0.2143,5,13,0.3846,156,57,18,23,5,14,5,1,0,0
liga,imbabura,liga,6,57,19,8,7,4,7,12,2,13,15,9,5,0,0,0,12,7,4,477,417,0.8742,26,46,0.5652,5,12,0.4167,4,7,0.5714,96,33,8,8,2,16,0,2,0,0
liga,imbabura,imbabura,6,43,15,4,5,6,3,14,2,12,13,10,0,0,0,0,3,12,3,356,300,0.8427,25,47,0.5319,1,11,0.0909,5,8,0.625,89,33,8,8,9,16,2,0,0,0
macara,barcelona,macara,6,34,11,4,5,2,1,20,2,17,9,9,0,0,2,1,6,5,2,206,143,0.6942,31,63,0.4921,3,9,0.3333,5,10,0.5,101,50,13,15,6,19,3,0,1,0
macara,barcelona,barcelona,6,66,10,3,4,3,5,18,7,20,20,8,0,1,0,0,6,4,3,406,339,0.835,16,33,0.4848,5,19,0.2632,7,13,0.5385,120,48,11,10,3,5,2,0,0,0
mushuc-runa,aucas,mushuc-runa,6,48,18,5,6,7,4,13,4,9,14,8,0,0,1,1,9,9,1,342,281,0.8216,32,49,0.6531,6,27,0.2222,8,16,0.5,108,42,7,18,7,24,2,0,0,0
mushuc-runa,aucas,aucas,6,52,13,3,7,3,5,11,3,11,16,9,3,1,0,0,7,6,4,380,318,0.8368,27,42,0.6429,4,23,0.1739,9,15,0.6,111,42,7,15,5,18,1,2,0,0
aucas,cumbaya,aucas,7,52,14,6,3,5,9,14,1,15,18,10,2,0,0,0,6,8,2,417,353,0.8465,23,44,0.5227,9,25,0.36,3,5,0.6,99,35,9,8,5,9,3,0,0,0
aucas,cumbaya,cumbaya,7,48,8,2,6,0,1,15,3,14,16,8,0,0,0,0,4,4,3,388,326,0.8402,31,56,0.5536,3,15,0.2,2,7,0.2857,99,28,3,9,6,24,1,0,0,0
barcelona,cuenca,barcelona,7,55,14,9,4,1,0,16,1,12,12,8,3,0,0,0,7,7,2,364,306,0.8407,33,54,0.6111,4,9,0.4444,6,14,0.4286,93,34,4,12,3,21,2,1,0,0
barcelona,cuenca,cuenca,7,45,12,2,8,2,4,12,3,16,18,6,0,4,0,0,6,6,5,288,215,0.7465,20,46,0.4348,1,10,0.1,6,11,0.5455,113,45,9,14,2,11,1,0,0,0
delfin,catolica,delfin,7,32,10,3,4,3,8,11,1,5,7,10,1,0,0,0,7,3,6,260,187,0.7192,27,56,0.4821,3,21,0.1429,5,7,0.7143,114,32,9,13,4,16,2,1,0,0
delfin,catolica,catolica,7,68,16,8,8,0,4,5,2,11,12,9,1,0,0,0,11,5,3,605,529,0.8744,27,55,0.4909,9,21,0.4286,8,11,0.7273,111,33,7,7,7,18,0,0,0,0
imbabura,macara,imbabura,7,62,12,3,4,5,4,18,5,14,17,8,2,0,0,0,7,5,2,451,374,0.8293,25,62,0.4032,1,12,0.0833,5,12,0.4167,116,49,13,17,2,8,2,2,0,0
imbabura,macara,macara,7,38,14,3,6,5,2,15,3,17,15,6,2,0,2,2,7,7,3,271,208,0.7675,28,64,0.4375,3,7,0.4286,9,20,0.45,106,56,11,19,5,14,6,2,0,0
independiente,libertad,independiente,7,62,17,8,5,4,1,14,3,15,18,4,1,0,0,0,8,9,3,456,388,0.8509,41,71,0.5775,3,8,0.375,4,9,0.4444,98,32,5,8,3,13,2,1,0,0
independiente,libertad,libertad,7,38,11,3,5,3,5,15,2,14,14,5,0,0,1,1,3,8,5,272,215,0.7904,12,32,0.375,3,12,0.25,2,3,0.6667,97,33,7,10,6,8,2,0,0,0
nacional,liga,nacional,7,40,16,4,6,6,6,10,3,20,17,9,0,0,0,0,7,9,0,245,180,0.7347,28,56,0.5,5,21,0.2381,3,9,0.3333,105,40,6,11,4,13,1,0,0,1
nacional,liga,liga,7,60,11,2,5,4,6,21,4,10,10,9,0,0,0,0,5,6,3,385,311,0.8078,39,69,0.5652,1,11,0.0909,6,11,0.5455,107,45,17,12,6,19,0,0,0,0
orense,mushuc-runa,orense,7,60,23,10,7,6,6,10,2,7,23,11,3,0,0,0,18,5,1,419,338,0.8067,31,52,0.5962,7,35,0.2,10,22,0.4545,152,55,22,16,13,10,1,2,0,0
orense,mushuc-runa,mushuc-runa,7,40,14,3,8,3,2,8,3,10,18,7,3,1,3,2,9,5,8,289,210,0.7266,25,58,0.431,3,12,0.25,4,10,0.4,118,53,16,23,4,35,2,2,1,0
tecnico,emelec,tecnico,7,43,16,5,7,4,1,15,4,9,18,6,1,0,0,0,8,8,2,371,301,0.8113,25,52,0.4808,3,12,0.25,5,7,0.7143,103,31,6,11,11,16,0,1,0,1
tecnico,emelec,emelec,7,57,10,3,5,2,0,9,2,13,13,11,1,0,0,0,4,6,4,504,429,0.8512,22,47,0.4681,4,10,0.4,6,13,0.4615,109,39,14,6,3,12,1,0,0,0
cuenca,aucas,cuenca,8,41,16,5,10,1,4,12,2,11,21,6,2,0,1,1,9,7,2,287,220,0.7666,34,61,0.5574,6,26,0.2308,3,6,0.5,109,36,13,9,12,14,0,1,0,0
cuenca,aucas,aucas,8,59,16,5,8,3,3,11,2,10,13,13,6,1,0,0,11,5,2,439,364,0.8292,36,69,0.5217,7,15,0.4667,7,12,0.5833,110,43,15,11,6,14,1,3,0,0
